letter_file,person,revision_status,kollationiert_2025,grundkommentiert_2025,tagging_2025,other_2025
BW_JacIIB/korr_Glutz_von_Blotzheim_Franz-JacIIB/B_1785-01-29_991171876703005501.xml,SG,transkribiert,0,0,0,1
BW_JacIIB/korr_Glutz_von_Blotzheim_Franz-JacIIB/B_1785-01-29_991171876703005501.xml,FN,transkribiert,0,0,0,1
BW_Hermann/korr_Frey_Johann_Ludwig-Hermann/B_1708-02-16_991170517003505501.xml,SG,kollationiert,1,0,0,1
BW_Hermann/korr_Frey_Johann_Ludwig-Hermann/B_1708-02-16_991170517003505501.xml,FN,kollationiert,1,0,0,0
BW_Hermann/korr_Scheuchzer_Johannes-Hermann/B_1707-06-15_991170430455805501.xml,RG,kollationiert,0,0,0,1
BW_Hermann/korr_Scheuchzer_Johannes-Hermann/B_1718-04-04_991170430332005501.xml,RG,kollationiert,0,0,0,1
BW_Hermann/korr_Scheuchzer_Johannes-Hermann/B_1709-09-07_991170430452405501.xml,RG,kollationiert,0,0,0,1
BW_Hermann/korr_Scheuchzer_Johannes-Hermann/B_1706-12-01_991170430472505501.xml,RG,kollationiert,0,0,0,1
BW_Hermann/korr_Scheuchzer_Johannes-Hermann/B_1707-06-08_991170430456105501.xml,RG,kollationiert,0,0,0,1
BW_Hermann/korr_Bernoulli_Nicolaus_I-Hermann/B_1711-05-26_991170516908605501.xml,SG,kollationiert,0,0,0,1
BW_Hermann/korr_Bernoulli_Nicolaus_I-Hermann/B_1715-12-23_991170516908405501.xml,SG,kollationiert,1,0,0,1
BW_Hermann/korr_Bernoulli_Nicolaus_I-Hermann/B_1715-12-23_991170516908405501.xml,CG,kollationiert,1,0,0,0
BW_Hermann/korr_Bernoulli_Nicolaus_I-Hermann/B_1719-04-01_991170516907805501.xml,SG,kollationiert,1,0,0,0
BW_Hermann/korr_Bernoulli_Nicolaus_I-Hermann/B_1719-04-01_991170516907805501.xml,CG,kollationiert,1,0,0,0
BW_Hermann/korr_Bernoulli_Nicolaus_I-Hermann/B_1725-03-09_991170516907405501.xml,SG,kollationiert,1,0,0,0
BW_Hermann/korr_Bernoulli_Nicolaus_I-Hermann/B_1725-03-09_991170516907405501.xml,CG,kollationiert,1,0,0,0
BW_Hermann/korr_Bernoulli_Nicolaus_I-Hermann/B_1716-05-16_991170516908305501.xml,SG,kollationiert,1,0,0,1
BW_Hermann/korr_Bernoulli_Nicolaus_I-Hermann/B_1716-05-16_991170516908305501.xml,CG,kollationiert,1,0,0,0
BW_Hermann/korr_Bernoulli_Nicolaus_I-Hermann/B_1712-04-23_991170516908505501.xml,SG,kollationiert,0,0,0,1
BW_Hermann/korr_Bernoulli_Nicolaus_I-Hermann/B_1716-07-15_991170516908205501.xml,SG,kollationiert,1,0,1,1
BW_Hermann/korr_Bernoulli_Nicolaus_I-Hermann/B_1716-07-15_991170516908205501.xml,CG,kollationiert,1,0,1,0
BW_Hermann/korr_Bernoulli_Nicolaus_I-Hermann/B_1718-04-29_991170516907905501.xml,SG,kollationiert,1,0,0,0
BW_Hermann/korr_Bernoulli_Nicolaus_I-Hermann/B_1718-04-29_991170516907905501.xml,CG,kollationiert,1,0,0,0
BW_Hermann/korr_Bernoulli_Nicolaus_I-Hermann/B_1717-03-24_991170516908005501.xml,SG,kollationiert,1,0,0,0
BW_Hermann/korr_Bernoulli_Nicolaus_I-Hermann/B_1717-03-24_991170516908005501.xml,CG,kollationiert,1,0,0,0
BW_Hermann/korr_Bernoulli_Nicolaus_I-Hermann/B_1710-01-13_991170516908805501.xml,SG,grundkommentiert,0,0,0,1
BW_Hermann/korr_Bernoulli_Nicolaus_I-Hermann/B_1720-04-06_991170516907705501.xml,SG,kollationiert,1,0,0,0
BW_Hermann/korr_Bernoulli_Nicolaus_I-Hermann/B_1720-04-06_991170516907705501.xml,CG,kollationiert,1,0,0,0
BW_Hermann/korr_Bernoulli_Nicolaus_I-Hermann/B_1709-10-12_991170516908905501.xml,SG,grundkommentiert,0,0,0,1
BW_Hermann/korr_Bernoulli_Nicolaus_I-Hermann/B_1710-12-27_991170516908705501.xml,SG,kollationiert,0,0,0,1
BW_Hermann/korr_Bernoulli_Nicolaus_I-Hermann/B_1723-11-22_991170516907505501.xml,SG,kollationiert,1,0,0,0
BW_Hermann/korr_Bernoulli_Nicolaus_I-Hermann/B_1723-11-22_991170516907505501.xml,CG,kollationiert,1,0,0,0
BW_Hermann/korr_Bernoulli_Nicolaus_I-Hermann/B_1721-04-12_991170516907605501.xml,SG,kollationiert,1,0,0,0
BW_Hermann/korr_Bernoulli_Nicolaus_I-Hermann/B_1721-04-12_991170516907605501.xml,CG,kollationiert,1,0,0,0
BW_Hermann/korr_Bernoulli_Nicolaus_I-Hermann/B_1712-04-01_991170517003805501.xml,SG,kollationiert,0,0,0,1
BW_Hermann/korr_Bernoulli_Nicolaus_I-Hermann/B_1716-09-04_991170516908105501.xml,SG,kollationiert,1,0,0,1
BW_Hermann/korr_Bernoulli_Nicolaus_I-Hermann/B_1716-09-04_991170516908105501.xml,CG,kollationiert,1,0,0,0
BW_Hermann/korr_Scheuchzer_Johann_Jakob-Hermann/B_1704-01-12_991170430331105501.xml,RG,kollationiert,0,0,0,1
BW_NicIIB/korr_Montmort_Pierre_Remond_de-NicIIB/B_1718-10-28_991170517005405501.xml,SG,kollationiert,1,0,0,1
BW_NicIIB/korr_Montmort_Pierre_Remond_de-NicIIB/B_1718-10-28_991170517005405501.xml,CG,kollationiert,1,0,0,0
BW_NicIIB/korr_Montmort_Pierre_Remond_de-NicIIB/B_1719-05-15_991170517005305501.xml,SG,kollationiert,1,0,0,0
BW_NicIIB/korr_Montmort_Pierre_Remond_de-NicIIB/B_1719-05-15_991170517005305501.xml,CG,kollationiert,1,0,0,0
BW_JohIIB/korr_Merian_Johann_Bernhard-JohIIB/B_1754-12-22_991170516848805501.xml,RG,transkribiert,0,0,1,0
BW_JohIIB/korr_Merian_Johann_Bernhard-JohIIB/B_1763-03-05_991170516721205501.xml,RG,transkribiert,0,0,1,0
BW_JohIIB/korr_Merian_Johann_Bernhard-JohIIB/B_1753-12-15_991170516849105501.xml,JB,kollationiert,0,0,1,0
BW_JohIIB/korr_Merian_Johann_Bernhard-JohIIB/B_1753-12-15_991170516849105501.xml,RG,kollationiert,0,0,1,0
BW_JohIIB/korr_Merian_Johann_Bernhard-JohIIB/B_1759-07-23_991170516722105501.xml,RG,transkribiert,0,0,1,0
BW_JohIIB/korr_Merian_Johann_Bernhard-JohIIB/B_1757-08-13_991170516723005501.xml,RG,transkribiert,0,0,1,0
BW_JohIIB/korr_Merian_Johann_Bernhard-JohIIB/B_1760-05-17_991170516721805501.xml,RG,transkribiert,0,0,1,0
BW_JohIIB/korr_Merian_Johann_Bernhard-JohIIB/B_1750-03-14_991170516850505501.xml,RG,transkribiert,0,0,1,0
BW_JohIIB/korr_Merian_Johann_Bernhard-JohIIB/B_1757-11-15_991170516722905501.xml,RG,transkribiert,0,0,1,0
BW_JohIIB/korr_Merian_Johann_Bernhard-JohIIB/B_1774-04-18_991170516720805501.xml,RG,transkribiert,0,0,1,0
BW_JohIIB/korr_Merian_Johann_Bernhard-JohIIB/B_1754-05-04_991170516849005501.xml,RG,kollationiert,0,0,1,0
BW_JohIIB/korr_Merian_Johann_Bernhard-JohIIB/B_1754-09-02_991170516848905501.xml,RG,kollationiert,0,0,1,0
BW_JohIIB/korr_Merian_Johann_Bernhard-JohIIB/B_1752-10-03_991170516849605501.xml,RG,transkribiert,0,0,1,0
BW_JohIIB/korr_Merian_Johann_Bernhard-JohIIB/B_1764-10-02_991170516720905501.xml,RG,transkribiert,0,0,1,0
BW_JohIIB/korr_Merian_Johann_Bernhard-JohIIB/B_1758-10-31_991170516722605501.xml,RG,transkribiert,0,0,1,0
BW_JohIIB/korr_Merian_Johann_Bernhard-JohIIB/B_1751-06-15_991170516850105501.xml,RG,katalogisiert,0,0,1,0
BW_JohIIB/korr_Merian_Johann_Bernhard-JohIIB/B_1750-10-31_991170516850305501.xml,RG,katalogisiert,0,0,1,0
BW_JohIIB/korr_Merian_Johann_Bernhard-JohIIB/B_1757-05-10_991170516723105501.xml,RG,transkribiert,0,0,1,0
BW_JohIIB/korr_Merian_Johann_Bernhard-JohIIB/B_1751-08-08_991170516850005501.xml,RG,katalogisiert,0,0,1,0
BW_JohIIB/korr_Merian_Johann_Bernhard-JohIIB/B_1756-03-22_991170516848305501.xml,RG,transkribiert,0,0,1,0
BW_JohIIB/korr_Merian_Johann_Bernhard-JohIIB/B_1751-11-30_991170516849905501.xml,RG,transkribiert,0,0,1,0
BW_JohIIB/korr_Merian_Johann_Bernhard-JohIIB/B_1756-06-29_991170516848205501.xml,RG,transkribiert,0,0,1,0
BW_JohIIB/korr_Merian_Johann_Bernhard-JohIIB/B_1762-04-27_991170516721305501.xml,RG,transkribiert,0,0,1,0
BW_JohIIB/korr_Merian_Johann_Bernhard-JohIIB/B_1760-06-14_991170516721705501.xml,RG,transkribiert,0,0,1,0
BW_JohIIB/korr_Merian_Johann_Bernhard-JohIIB/B_1758-12-19_991170516722505501.xml,RG,transkribiert,0,0,1,0
BW_JohIIB/korr_Merian_Johann_Bernhard-JohIIB/B_1756-12-28_991170516848105501.xml,RG,transkribiert,0,0,1,0
BW_JohIIB/korr_Merian_Johann_Bernhard-JohIIB/B_1752-04-30_991170516849805501.xml,RG,transkribiert,0,0,1,0
BW_JohIIB/korr_Merian_Johann_Bernhard-JohIIB/B_1755-07-22_991170516848505501.xml,RG,transkribiert,0,0,1,0
BW_JohIIB/korr_Merian_Johann_Bernhard-JohIIB/B_1750-06-30_991170516850405501.xml,RG,transkribiert,0,0,1,0
BW_JohIIB/korr_Merian_Johann_Bernhard-JohIIB/B_1758-08-11_991170516722705501.xml,RG,transkribiert,0,0,1,0
BW_JohIIB/korr_Merian_Johann_Bernhard-JohIIB/B_1759-07-20_991170516722305501.xml,RG,transkribiert,0,0,1,0
BW_JohIIB/korr_Merian_Johann_Bernhard-JohIIB/B_1760-12-21_991170516721605501.xml,RG,transkribiert,0,0,1,0
BW_JohIIB/korr_Merian_Johann_Bernhard-JohIIB/B_1759-06-02_991170516722405501.xml,RG,transkribiert,0,0,1,0
BW_JohIIB/korr_Merian_Johann_Bernhard-JohIIB/B_1758-05-06_991170516722805501.xml,RG,transkribiert,0,0,1,0
BW_JohIIB/korr_Merian_Johann_Bernhard-JohIIB/B_1751-04-17_991170516850205501.xml,RG,katalogisiert,0,0,1,0
BW_JohIIB/korr_Merian_Johann_Bernhard-JohIIB/B_1759-10-09_991170516722005501.xml,RG,transkribiert,0,0,1,0
BW_JohIIB/korr_Merian_Johann_Bernhard-JohIIB/B_1753-02-20_991170516849405501.xml,RG,transkribiert,0,0,1,0
BW_JohIIB/korr_Merian_Johann_Bernhard-JohIIB/B_1753-10-21_991170516849205501.xml,JB,kollationiert,1,0,1,0
BW_JohIIB/korr_Merian_Johann_Bernhard-JohIIB/B_1753-10-21_991170516849205501.xml,SW,kollationiert,1,0,0,0
BW_JohIIB/korr_Merian_Johann_Bernhard-JohIIB/B_1753-10-21_991170516849205501.xml,RG,kollationiert,0,0,1,0
BW_JohIIB/korr_Merian_Johann_Bernhard-JohIIB/B_1761-02-21_991170516721505501.xml,RG,transkribiert,0,0,1,0
BW_JohIIB/korr_Merian_Johann_Bernhard-JohIIB/B_1774-10-01_991170516720705501.xml,RG,transkribiert,0,0,1,0
BW_JohIIB/korr_Merian_Johann_Bernhard-JohIIB/B_1752-08-22_991170516849705501.xml,RG,transkribiert,0,0,1,0
BW_JohIIB/korr_Merian_Johann_Bernhard-JohIIB/B_1755-03-18_991170516848605501.xml,RG,transkribiert,0,0,1,0
BW_JohIIB/korr_Merian_Johann_Bernhard-JohIIB/B_1763-05-24_991170516721105501.xml,RG,transkribiert,0,0,1,0
BW_JohIIB/korr_Merian_Johann_Bernhard-JohIIB/B_1760-01-29_991170516721905501.xml,RG,transkribiert,0,0,1,0
BW_JohIIB/korr_Merian_Johann_Bernhard-JohIIB/B_1749-07-17_991170516850605501.xml,RG,transkribiert,0,0,1,0
BW_JohIIB/korr_Merian_Johann_Bernhard-JohIIB/B_1755-10-28_991170516848405501.xml,RG,transkribiert,0,0,1,0
BW_JohIIB/korr_Merian_Johann_Bernhard-JohIIB/B_1761-09-08_991170516721405501.xml,RG,transkribiert,0,0,1,0
BW_JohIIB/korr_Merian_Johann_Bernhard-JohIIB/B_1764-06-18_991170516721005501.xml,RG,transkribiert,0,0,1,0
BW_JohIIB/korr_Merian_Johann_Bernhard-JohIIB/B_1757-04-05_991170516723205501.xml,RG,transkribiert,0,0,1,0
BW_JohIIB/korr_Merian_Johann_Bernhard-JohIIB/B_1753-05-15_991170516849305501.xml,JB,kollationiert,1,0,1,0
BW_JohIIB/korr_Merian_Johann_Bernhard-JohIIB/B_1753-05-15_991170516849305501.xml,SW,kollationiert,1,0,0,0
BW_JohIIB/korr_Merian_Johann_Bernhard-JohIIB/B_1753-05-15_991170516849305501.xml,RG,kollationiert,0,0,1,0
BW_JohIIB/korr_Merian_Johann_Bernhard-JohIIB/B_1755-01-28_991170516848705501.xml,RG,transkribiert,0,0,1,0
BW_JohIIB/korr_Merian_Johann_Bernhard-JohIIB/B_1759-07-21_991170516722205501.xml,RG,transkribiert,0,0,1,0
BW_JohIIB/korr_Merian_Johann_Bernhard-JohIIB/B_1752-11-14_991170516849505501.xml,RG,transkribiert,0,0,1,0
BW_JohIIB/korr_Granval_Jean_Louis_Cochart_de-JohIIB/B_1756-11-01_991170516766605501.xml,RG,transkribiert,0,0,1,1
BW_JohIIB/korr_Granval_Jean_Louis_Cochart_de-JohIIB/B_1757-02-27_991170516766405501.xml,RG,transkribiert,0,0,1,1
BW_JohIIB/korr_Granval_Jean_Louis_Cochart_de-JohIIB/B_1756-05-31_991170516766805501.xml,RG,transkribiert,0,0,1,1
BW_JohIIB/korr_Granval_Jean_Louis_Cochart_de-JohIIB/B_1756-07-28_991170516766705501.xml,RG,transkribiert,0,0,1,1
BW_JohIIB/korr_Granval_Jean_Louis_Cochart_de-JohIIB/B_1757-01-04_991170516766505501.xml,RG,transkribiert,0,0,1,1
BW_JohIIB/korr_Huber_Johann_Jakob-JohIIB/B_1768-01-04_991170516764905501.xml,RG,kollationiert,0,0,1,0
BW_JohIIB/korr_Huber_Johann_Jakob-JohIIB/B_1756-03-30_991170516765105501.xml,RG,transkribiert,0,0,1,1
BW_JohIIB/korr_Huber_Johann_Jakob-JohIIB/B_1756-05-11_991170516765005501.xml,RG,transkribiert,0,0,1,1
BW_JohIIB/korr_Huber_Johann_Jakob-JohIIB/B_1755-02-06_991170452965305501.xml,RG,katalogisiert,0,0,1,0
BW_JohIIB/korr_Huber_Johann_Jakob-JohIIB/B_1754-11-25_991170516765605501.xml,RG,transkribiert,0,0,1,1
BW_JohIIB/korr_Huber_Johann_Jakob-JohIIB/B_1755-05-20_991170516765405501.xml,RG,transkribiert,0,0,1,1
BW_JohIIB/korr_Huber_Johann_Jakob-JohIIB/B_1755-08-18_991170516765305501.xml,RG,transkribiert,0,0,1,1
BW_JohIIB/korr_Huber_Johann_Jakob-JohIIB/B_1755-12-16_991170516765205501.xml,RG,transkribiert,0,0,1,1
BW_JohIIB/korr_Huber_Johann_Jakob-JohIIB/B_1755-02-20_991170516765505501.xml,RG,transkribiert,0,0,1,1
BW_JohIIB/korr_Huber_Johann_Jakob-JohIIB/B_1758_991170453261205501.xml,RG,katalogisiert,0,0,1,0
BW_JohIIB/korr_Cramer_Gabriel-JohIIB/B_1745-06-11_991170516487205501.xml,SG,kollationiert,0,0,0,1
BW_JohIIB/korr_Cramer_Gabriel-JohIIB/B_1745-06-11_991170516487205501.xml,MK,kollationiert,1,0,0,0
BW_JohIIB/korr_Cramer_Gabriel-JohIIB/B_1745-06-11_991170516487205501.xml,RG,kollationiert,0,0,0,1
BW_JohIIB/korr_Cramer_Gabriel-JohIIB/B_1740-11-30_991170430341805501.xml,MK,kollationiert,1,0,0,0
BW_JohIIB/korr_Cramer_Gabriel-JohIIB/B_1740-11-30_991170430341805501.xml,RG,kollationiert,0,0,0,1
BW_JohIIB/korr_Cramer_Gabriel-JohIIB/B_1740-10-12_991170430342005501.xml,SG,grundkommentiert,0,0,0,1
BW_JohIIB/korr_Cramer_Gabriel-JohIIB/B_1740-10-12_991170430342005501.xml,MK,grundkommentiert,1,0,0,0
BW_JohIIB/korr_Cramer_Gabriel-JohIIB/B_1740-10-12_991170430342005501.xml,RG,grundkommentiert,0,0,0,1
BW_JohIIB/korr_Cramer_Gabriel-JohIIB/B_1742-12-26_991170430341005501.xml,MK,teiKodiert,1,0,0,0
BW_JohIIB/korr_Cramer_Gabriel-JohIIB/B_1742-12-26_991170430341005501.xml,RG,teiKodiert,0,0,0,1
BW_JohIIB/korr_Cramer_Gabriel-JohIIB/B_1742-12-21_991170516487305501.xml,RG,teiKodiert,0,0,0,1
BW_JohIIB/korr_Cramer_Gabriel-JohIIB/B_1745-07-26_991170516487005501.xml,MK,kollationiert,1,0,0,0
BW_JohIIB/korr_Cramer_Gabriel-JohIIB/B_1745-07-26_991170516487005501.xml,RG,kollationiert,0,0,0,1
BW_JohIIB/korr_Cramer_Gabriel-JohIIB/B_1745-07-26_991170516487105501.xml,MK,kollationiert,1,0,0,0
BW_JohIIB/korr_Cramer_Gabriel-JohIIB/B_1745-07-26_991170516487105501.xml,RG,kollationiert,0,0,0,1
BW_JohIIB/korr_Cramer_Gabriel-JohIIB/B_1741-01-10_991170516487705501.xml,SG,kollationiert,0,0,0,1
BW_JohIIB/korr_Cramer_Gabriel-JohIIB/B_1741-01-10_991170516487705501.xml,MK,kollationiert,1,0,0,0
BW_JohIIB/korr_Cramer_Gabriel-JohIIB/B_1741-01-10_991170516487705501.xml,RG,kollationiert,0,0,0,1
BW_JohIIB/korr_Cramer_Gabriel-JohIIB/B_1741-08-25_991170516487505501.xml,RG,teiKodiert,0,0,0,1
BW_JohIIB/korr_Cramer_Gabriel-JohIIB/B_1741-08-25_991170516487505501.xml,MK,teiKodiert,0,0,0,1
BW_JohIIB/korr_Cramer_Gabriel-JohIIB/B_1740-11-25_991170516487805501.xml,MK,kollationiert,1,0,0,0
BW_JohIIB/korr_Cramer_Gabriel-JohIIB/B_1740-11-25_991170516487805501.xml,RG,kollationiert,0,0,0,1
BW_JohIIB/korr_Cramer_Gabriel-JohIIB/B_1743-05-01_991170430340705501.xml,MK,teiKodiert,0,0,0,1
BW_JohIIB/korr_Cramer_Gabriel-JohIIB/B_1743-05-01_991170430340705501.xml,RG,teiKodiert,0,0,0,1
BW_JohIIB/korr_Cramer_Gabriel-JohIIB/B_1741-01-20_991170516487605501.xml,MK,kollationiert,1,0,0,0
BW_JohIIB/korr_Cramer_Gabriel-JohIIB/B_1741-01-20_991170516487605501.xml,RG,kollationiert,0,0,0,1
BW_JohIIB/korr_Cramer_Gabriel-JohIIB/B_1740-11-22_991170516487905501.xml,MK,kollationiert,1,0,0,0
BW_JohIIB/korr_Cramer_Gabriel-JohIIB/B_1740-11-22_991170516487905501.xml,RG,kollationiert,0,0,0,1
BW_JohIIB/korr_Cramer_Gabriel-JohIIB/B_1743-06-12_991170430340605501.xml,MK,kollationiert,1,0,0,1
BW_JohIIB/korr_Cramer_Gabriel-JohIIB/B_1743-06-12_991170430340605501.xml,RG,kollationiert,0,0,0,1
BW_JohIIB/korr_Cramer_Gabriel-JohIIB/B_1740-10-29_991170430341905501.xml,MK,kollationiert,1,0,0,0
BW_JohIIB/korr_Cramer_Gabriel-JohIIB/B_1740-10-29_991170430341905501.xml,RG,kollationiert,1,0,0,1
BW_JohIIB/korr_Cramer_Gabriel-JohIIB/B_1742-12-21_991170516487405501.xml,RG,teiKodiert,0,0,0,1
BW_JohIIB/korr_Cramer_Gabriel-JohIIB/B_1740-10-25_991170516488105501.xml,MK,kollationiert,1,0,0,0
BW_JohIIB/korr_Cramer_Gabriel-JohIIB/B_1740-10-25_991170516488105501.xml,RG,kollationiert,1,0,0,1
BW_JohIIB/korr_Cramer_Gabriel-JohIIB/B_1742-12-29_991170430340905501.xml,RG,transkribiert,0,0,0,1
BW_JohIIB/korr_Cramer_Gabriel-JohIIB/B_1742-05-12_991170430341305501.xml,RG,transkribiert,0,0,0,1
BW_JohIIB/korr_Cramer_Gabriel-JohIIB/B_1742-05-12_991170430341305501.xml,MK,transkribiert,0,0,0,1
BW_JohIIB/korr_Cramer_Gabriel-JohIIB/B_1743-04-10_991170430340805501.xml,RG,transkribiert,0,0,0,1
BW_JohIIB/korr_Cramer_Gabriel-JohIIB/B_1741-01_991170430341705501.xml,MK,kollationiert,1,0,0,0
BW_JohIIB/korr_Cramer_Gabriel-JohIIB/B_1741-01_991170430341705501.xml,RG,kollationiert,0,0,0,1
BW_JohIIB/korr_Cramer_Gabriel-JohIIB/B_1741-09-02_991170430341405501.xml,RG,transkribiert,0,0,0,1
BW_JohIIB/korr_Cramer_Gabriel-JohIIB/B_1740-11-04_991170516488005501.xml,MK,kollationiert,1,0,0,0
BW_JohIIB/korr_Cramer_Gabriel-JohIIB/B_1740-11-04_991170516488005501.xml,RG,kollationiert,0,0,0,1
BW_JohIIB/korr_Cramer_Gabriel-JohIIB/B_1741-07-09_991170430341605501.xml,MK,kollationiert,1,0,0,0
BW_JohIIB/korr_Cramer_Gabriel-JohIIB/B_1741-07-09_991170430341605501.xml,RG,kollationiert,0,0,0,1
BW_JohIIB/korr_Cramer_Gabriel-JohIIB/B_1742-08-11_991170430341205501.xml,RG,transkribiert,0,0,0,1
BW_JohIIB/korr_Cramer_Gabriel-JohIIB/B_1742-11-24_991170430341105501.xml,RG,transkribiert,0,0,0,1
BW_JohIIB/korr_Cramer_Gabriel-JohIIB/B_1741-07-21_991170430341505501.xml,MK,kollationiert,1,0,0,1
BW_JohIIB/korr_Cramer_Gabriel-JohIIB/B_1741-07-21_991170430341505501.xml,RG,kollationiert,1,0,0,0
BW_JohIB/korr_Poleni_Giovanni-JohIB/B_1725-11-25_NEU.xml,SG,transkribiert,0,0,0,1
BW_JohIB/korr_Poleni_Giovanni-JohIB/B_1725-11-25_NEU.xml,JB,transkribiert,0,0,0,1
BW_JohIB/korr_Bernoulli_Nicolaus_I-JohIB/B_1719-02-18_991170514607705501.xml,SG,kollationiert,1,0,0,0
BW_JohIB/korr_Bernoulli_Nicolaus_I-JohIB/B_1719-02-18_991170514607705501.xml,CG,kollationiert,1,0,0,0
BW_JohIB/korr_Bernoulli_Nicolaus_I-JohIB/B_1718-05-20_991170514608005501.xml,SG,kollationiert,1,0,0,0
BW_JohIB/korr_Bernoulli_Nicolaus_I-JohIB/B_1718-05-20_991170514608005501.xml,CG,kollationiert,1,0,0,0
BW_JohIB/korr_Bernoulli_Nicolaus_I-JohIB/B_1718-04-09_991170514608105501.xml,SG,kollationiert,1,0,0,0
BW_JohIB/korr_Bernoulli_Nicolaus_I-JohIB/B_1718-04-09_991170514608105501.xml,CG,kollationiert,1,0,0,0
BW_JohIB/korr_Bernoulli_Nicolaus_I-JohIB/B_1719-07-05_991170514607505501.xml,SG,kollationiert,1,0,0,0
BW_JohIB/korr_Bernoulli_Nicolaus_I-JohIB/B_1719-07-05_991170514607505501.xml,CG,kollationiert,1,0,0,0
BW_JohIB/korr_Bernoulli_Nicolaus_I-JohIB/B_1718-11-02_991170514607805501.xml,SG,kollationiert,1,0,0,0
BW_JohIB/korr_Bernoulli_Nicolaus_I-JohIB/B_1718-11-02_991170514607805501.xml,CG,kollationiert,1,0,0,0
BW_JohIB/korr_Bernoulli_Nicolaus_I-JohIB/B_1718-11-02_991170514607805501.xml,FN,kollationiert,1,0,0,0
BW_JohIB/korr_Bernoulli_Nicolaus_I-JohIB/B_1718-02-12_991170514608205501.xml,SG,kollationiert,1,0,0,0
BW_JohIB/korr_Bernoulli_Nicolaus_I-JohIB/B_1718-02-12_991170514608205501.xml,CG,kollationiert,1,0,0,0
BW_JohIB/korr_Bernoulli_Nicolaus_I-JohIB/B_1719-04-11_991170514607605501.xml,SG,kollationiert,1,0,0,0
BW_JohIB/korr_Bernoulli_Nicolaus_I-JohIB/B_1719-04-11_991170514607605501.xml,CG,kollationiert,1,0,0,0
BW_JohIB/korr_Bernoulli_Nicolaus_I-JohIB/B_1718-07-30_991170514607905501.xml,SG,kollationiert,1,0,0,0
BW_JohIB/korr_Bernoulli_Nicolaus_I-JohIB/B_1718-07-30_991170514607905501.xml,CG,kollationiert,1,0,0,0
BW_JohIB/korr_Scheuchzer_Johannes-JohIB/B_1716-12-13_991170515086305501.xml,RG,kollationiert,0,0,0,1
BW_JohIB/korr_Scheuchzer_Johannes-JohIB/B_1715-02-01_991170515084905501.xml,RG,kollationiert,0,0,0,1
BW_JohIB/korr_Scheuchzer_Johannes-JohIB/B_1721-07-13_991170515080505501.xml,RG,kollationiert,0,0,1,0
BW_JohIB/korr_Scheuchzer_Johannes-JohIB/B_1723-05-02_991170515279505501.xml,RG,kollationiert,0,0,0,1
BW_JohIB/korr_Scheuchzer_Johannes-JohIB/B_1707-10-16_991170514988805501.xml,RG,kollationiert,0,0,0,1
BW_JohIB/korr_Scheuchzer_Johannes-JohIB/B_1715-07-03_991170515093005501.xml,RG,kollationiert,0,0,0,1
BW_JohIB/korr_Scheuchzer_Johannes-JohIB/B_1722-06-14_991170515079905501.xml,RG,kollationiert,0,0,0,1
BW_JohIB/korr_Scheuchzer_Johannes-JohIB/B_1718-08-21_991170515084305501.xml,RG,kollationiert,0,0,0,1
BW_JohIB/korr_Scheuchzer_Johannes-JohIB/B_1712-08-20_991170515086405501.xml,RG,kollationiert,0,0,0,1
BW_JohIB/korr_Scheuchzer_Johannes-JohIB/B_1720-05-29_991170430251605501.xml,RG,kollationiert,0,0,0,1
BW_JohIB/korr_Scheuchzer_Johannes-JohIB/B_1716-11-22_991170515086505501.xml,RG,kollationiert,0,0,0,1
BW_JohIB/korr_Scheuchzer_Johannes-JohIB/B_1718-09-14_991170430253905501.xml,RG,kollationiert,0,0,0,1
BW_JohIB/korr_Gessner_Johannes-JohIB/B_1737-04-02_991170430113605501.xml,RG,kollationiert,0,0,1,1
BW_JohIB/korr_Gessner_Johannes-JohIB/B_1736-11-03_991170514858205501.xml,RG,kollationiert,0,0,1,1
BW_JohIB/korr_Cramer_Gabriel-JohIB/B_1730-04-15_991170514977905501.xml,MK,grundkommentiert,1,1,0,1
BW_JohIB/korr_Cramer_Gabriel-JohIB/B_1730-04-15_991170514977905501.xml,SG,grundkommentiert,0,0,0,1
BW_JohIB/korr_Cramer_Gabriel-JohIB/B_1730-04-15_991170514977905501.xml,RG,grundkommentiert,1,0,0,1
BW_JohIB/korr_Cramer_Gabriel-JohIB/B_1729-08-03_991170514978205501.xml,MK,grundkommentiert,1,1,0,1
BW_JohIB/korr_Cramer_Gabriel-JohIB/B_1729-08-03_991170514978205501.xml,SG,grundkommentiert,0,0,0,1
BW_JohIB/korr_Cramer_Gabriel-JohIB/B_1729-08-03_991170514978205501.xml,RG,grundkommentiert,1,0,0,1
BW_JohIB/korr_Cramer_Gabriel-JohIB/B_1730-04-07_991170430088905501.xml,MK,grundkommentiert,1,0,0,1
BW_JohIB/korr_Cramer_Gabriel-JohIB/B_1733-10-28_991170514977005501.xml,MK,kollationiert,1,1,0,1
BW_JohIB/korr_Cramer_Gabriel-JohIB/B_1733-10-28_991170514977005501.xml,RG,kollationiert,1,0,0,1
BW_JohIB/korr_Cramer_Gabriel-JohIB/B_1728-09-04_991170514978905501.xml,MK,kollationiert,1,0,0,1
BW_JohIB/korr_Cramer_Gabriel-JohIB/B_1728-09-04_991170514978905501.xml,RG,kollationiert,1,0,0,0
BW_JohIB/korr_Cramer_Gabriel-JohIB/B_1728-05-13_991170514979305501.xml,MK,kollationiert,1,0,0,1
BW_JohIB/korr_Cramer_Gabriel-JohIB/B_1728-05-13_991170514979305501.xml,RG,kollationiert,1,0,0,1
BW_JohIB/korr_Cramer_Gabriel-JohIB/B_1727-12-11_991170514979705501.xml,MK,kollationiert,0,1,0,1
BW_JohIB/korr_Cramer_Gabriel-JohIB/B_1729-05-06_991170514978505501.xml,MK,grundkommentiert,1,1,1,0
BW_JohIB/korr_Cramer_Gabriel-JohIB/B_1729-05-06_991170514978505501.xml,RG,grundkommentiert,1,0,0,1
BW_JohIB/korr_Cramer_Gabriel-JohIB/B_1729-07-04_991170514978405501.xml,MK,grundkommentiert,1,1,0,1
BW_JohIB/korr_Cramer_Gabriel-JohIB/B_1729-07-04_991170514978405501.xml,RG,grundkommentiert,1,0,0,1
BW_JohIB/korr_Cramer_Gabriel-JohIB/B_1728-01-15_991170514979605501.xml,MK,kollationiert,1,0,1,1
BW_JohIB/korr_Cramer_Gabriel-JohIB/B_1728-01-15_991170514979605501.xml,SG,kollationiert,0,0,0,1
BW_JohIB/korr_Cramer_Gabriel-JohIB/B_1728-01-15_991170514979605501.xml,RG,kollationiert,1,0,0,0
BW_JohIB/korr_Cramer_Gabriel-JohIB/B_1732-05-30_991170514977305501.xml,MK,kollationiert,1,1,0,0
BW_JohIB/korr_Cramer_Gabriel-JohIB/B_1732-05-30_991170514977305501.xml,RG,kollationiert,1,0,0,1
BW_JohIB/korr_Cramer_Gabriel-JohIB/B_1729-03-31_991170430093705501.xml,MK,teiKodiert,0,1,0,0
BW_JohIB/korr_Cramer_Gabriel-JohIB/B_1730-02-14_991170514978005501.xml,MK,grundkommentiert,1,1,0,1
BW_JohIB/korr_Cramer_Gabriel-JohIB/B_1730-02-14_991170514978005501.xml,RG,grundkommentiert,1,0,0,1
BW_JohIB/korr_Cramer_Gabriel-JohIB/B_1731-12-05_991170514977505501.xml,MK,grundkommentiert,1,1,0,1
BW_JohIB/korr_Cramer_Gabriel-JohIB/B_1731-12-05_991170514977505501.xml,RG,grundkommentiert,1,0,0,1
BW_JohIB/korr_Cramer_Gabriel-JohIB/B_1731-05-01_991170514977805501.xml,MK,grundkommentiert,1,1,0,1
BW_JohIB/korr_Cramer_Gabriel-JohIB/B_1731-05-01_991170514977805501.xml,RG,grundkommentiert,1,0,0,1
BW_JohIB/korr_Cramer_Gabriel-JohIB/B_1729-01-08_991170514978805501.xml,MK,kollationiert,1,0,0,1
BW_JohIB/korr_Cramer_Gabriel-JohIB/B_1729-01-08_991170514978805501.xml,RG,kollationiert,1,0,0,1
BW_JohIB/korr_Cramer_Gabriel-JohIB/B_1728-07-22_991170514979105501.xml,SG,kollationiert,0,0,0,1
BW_JohIB/korr_Cramer_Gabriel-JohIB/B_1728-07-22_991170514979105501.xml,MK,kollationiert,1,0,0,1
BW_JohIB/korr_Cramer_Gabriel-JohIB/B_1728-07-22_991170514979105501.xml,RG,kollationiert,1,0,0,1
BW_JohIB/korr_Cramer_Gabriel-JohIB/B_1728-04-15_991170514979405501.xml,MK,grundkommentiert,1,1,0,1
BW_JohIB/korr_Cramer_Gabriel-JohIB/B_1728-04-15_991170514979405501.xml,SG,grundkommentiert,0,0,0,1
BW_JohIB/korr_Cramer_Gabriel-JohIB/B_1728-04-15_991170514979405501.xml,RG,grundkommentiert,1,0,1,0
BW_JohIB/korr_Cramer_Gabriel-JohIB/B_1729-08-06_991170514978105501.xml,MK,grundkommentiert,1,1,0,1
BW_JohIB/korr_Cramer_Gabriel-JohIB/B_1729-08-06_991170514978105501.xml,SG,grundkommentiert,0,0,0,1
BW_JohIB/korr_Cramer_Gabriel-JohIB/B_1729-08-06_991170514978105501.xml,RG,grundkommentiert,1,0,0,1
BW_JohIB/korr_Cramer_Gabriel-JohIB/B_1732-04-10_991170514977405501.xml,MK,kollationiert,1,1,0,1
BW_JohIB/korr_Cramer_Gabriel-JohIB/B_1732-04-10_991170514977405501.xml,RG,kollationiert,1,0,0,1
BW_JohIB/korr_Cramer_Gabriel-JohIB/B_1728-03-10_991170514979505501.xml,MK,kollationiert,1,1,1,0
BW_JohIB/korr_Cramer_Gabriel-JohIB/B_1728-03-10_991170514979505501.xml,RG,kollationiert,1,0,0,1
BW_JohIB/korr_Cramer_Gabriel-JohIB/B_1728-03-10_991170514979505501.xml,SG,kollationiert,0,0,0,1
BW_JohIB/korr_Cramer_Gabriel-JohIB/B_1731-10-16_991170514977605501.xml,MK,grundkommentiert,1,1,0,1
BW_JohIB/korr_Cramer_Gabriel-JohIB/B_1731-10-16_991170514977605501.xml,RG,grundkommentiert,1,0,0,1
BW_JohIB/korr_Cramer_Gabriel-JohIB/B_1733-05-30_991170514977105501.xml,MK,grundkommentiert,1,1,0,1
BW_JohIB/korr_Cramer_Gabriel-JohIB/B_1733-05-30_991170514977105501.xml,RG,grundkommentiert,1,0,0,1
BW_JohIB/korr_Cramer_Gabriel-JohIB/B_1729-07-12_991170514978305501.xml,MK,grundkommentiert,1,1,0,1
BW_JohIB/korr_Cramer_Gabriel-JohIB/B_1729-07-12_991170514978305501.xml,RG,grundkommentiert,1,0,0,1
BW_JohIB/korr_Cramer_Gabriel-JohIB/B_1743-05-01_991170430088405501.xml,MK,grundkommentiert,0,1,0,1
BW_JohIB/korr_Cramer_Gabriel-JohIB/B_1731-09-01_991170514977705501.xml,MK,grundkommentiert,1,1,0,1
BW_JohIB/korr_Cramer_Gabriel-JohIB/B_1731-09-01_991170514977705501.xml,SG,grundkommentiert,0,0,0,1
BW_JohIB/korr_Cramer_Gabriel-JohIB/B_1731-09-01_991170514977705501.xml,RG,grundkommentiert,1,0,0,1
BW_JohIB/korr_Cramer_Gabriel-JohIB/B_1732-12-08_991170514977205501.xml,MK,grundkommentiert,1,1,0,1
BW_JohIB/korr_Cramer_Gabriel-JohIB/B_1732-12-08_991170514977205501.xml,RG,grundkommentiert,1,0,0,1
BW_JohIB/korr_Cramer_Gabriel-JohIB/B_1729-03-14_991170514978605501.xml,MK,kollationiert,1,1,0,1
BW_JohIB/korr_Cramer_Gabriel-JohIB/B_1729-03-14_991170514978605501.xml,RG,kollationiert,1,0,0,1
BW_JohIB/korr_Cramer_Gabriel-JohIB/B_1729-02-06_991170514978705501.xml,MK,kollationiert,1,1,0,1
BW_JohIB/korr_Cramer_Gabriel-JohIB/B_1729-02-06_991170514978705501.xml,RG,kollationiert,1,0,0,1
BW_JohIB/korr_Cramer_Gabriel-JohIB/B_1728-07-27_991170514979005501.xml,MK,teiKodiert,0,1,0,1
BW_JohIB/korr_Cramer_Gabriel-JohIB/B_1728-08-13_991170430094805501.xml,MK,teiKodiert,0,1,0,1
BW_JohIB/korr_Cramer_Gabriel-JohIB/B_1728-06-22_991170514979205501.xml,MK,kollationiert,1,1,0,1
BW_JohIB/korr_Cramer_Gabriel-JohIB/B_1728-06-22_991170514979205501.xml,RG,kollationiert,1,0,0,1
BW_JohIB/korr_Scheuchzer_Johann_Jakob-JohIB/B_1724-03-17_991170462463905501.xml,SG,kollationiert,0,0,0,1
BW_JohIB/korr_Scheuchzer_Johann_Jakob-JohIB/B_1714-02-17_991170514984105501.xml,RG,kollationiert,0,0,0,1
BW_JohIB/korr_Scheuchzer_Johann_Jakob-JohIB/B_1721-05-02_991170515278205501.xml,RG,kollationiert,0,0,0,1
BW_JohIB/korr_Ramspeck_Jakob_Christoph-JohIB/B_1747-03-03_991170514991205501.xml,RG,kollationiert,0,0,0,1
BW_JohIB/korr_Maupertuis_Pierre_Louis_Moreau_de-JohIB/B_1740-11-15_991170514784605501.xml,SG,kollationiert,0,0,0,1
BW_JohIB/korr_Michelotti_Pietro_Antonio-JohIB/B_1724-06-30_991170515107605501.xml,SG,kollationiert,1,0,0,0
BW_JohIB/korr_Michelotti_Pietro_Antonio-JohIB/B_1724-06-30_991170515107605501.xml,CG,kollationiert,1,0,0,0
BW_JohIB/korr_Michelotti_Pietro_Antonio-JohIB/B_1724-07-23_991170515107505501.xml,CG,kollationiert,1,0,0,0
BW_JohIB/korr_Michelotti_Pietro_Antonio-JohIB/B_1724-07-23_991170515107505501.xml,SG,kollationiert,1,0,0,0
BW_JohIB/korr_Michelotti_Pietro_Antonio-JohIB/B_1724-05-31_991170515107705501.xml,SG,kollationiert,1,0,0,0
BW_JohIB/korr_Michelotti_Pietro_Antonio-JohIB/B_1724-05-31_991170515107705501.xml,CG,kollationiert,1,0,0,0
BW_JohIB/korr_Wolff_Christian-JohIB/B_1707-01-07_991170516539505501.xml,RG,kollationiert,0,0,0,1
BW_JohIB/korr_Wolff_Christian-JohIB/B_1716-04-08_991170516538105501.xml,SG,kollationiert,0,0,0,1
BW_JohIB/korr_Moivre_Abraham_de-JohIB/B_1714-08-04_991170515104405501.xml,SG,kollationiert,1,0,0,0
BW_JohIB/korr_Moivre_Abraham_de-JohIB/B_1714-08-04_991170515104405501.xml,SW,kollationiert,1,0,0,0
BW_JohIB/korr_Moivre_Abraham_de-JohIB/B_1707-12-02_991170515105305501.xml,SG,kollationiert,1,0,0,0
BW_JohIB/korr_Moivre_Abraham_de-JohIB/B_1707-12-02_991170515105305501.xml,SW,kollationiert,1,0,0,0
BW_JohIB/korr_Moivre_Abraham_de-JohIB/B_1714-06-28_991170515104505501.xml,SG,kollationiert,1,0,0,0
BW_JohIB/korr_Moivre_Abraham_de-JohIB/B_1714-06-28_991170515104505501.xml,SW,kollationiert,1,0,0,0
BW_JohIB/korr_Moivre_Abraham_de-JohIB/B_1712-10-18_991170515105005501.xml,SG,kollationiert,1,0,0,0
BW_JohIB/korr_Moivre_Abraham_de-JohIB/B_1712-10-18_991170515105005501.xml,SW,kollationiert,1,0,0,0
BW_JohIB/korr_Moivre_Abraham_de-JohIB/B_1706-04-25_991170515105605501.xml,SG,kollationiert,1,0,0,0
BW_JohIB/korr_Moivre_Abraham_de-JohIB/B_1706-04-25_991170515105605501.xml,SW,kollationiert,1,0,0,0
BW_JohIB/korr_Moivre_Abraham_de-JohIB/B_1705-07-27_991170515105805501.xml,SG,kollationiert,1,0,0,0
BW_JohIB/korr_Moivre_Abraham_de-JohIB/B_1705-07-27_991170515105805501.xml,SW,kollationiert,1,0,0,0
BW_JohIB/korr_Moivre_Abraham_de-JohIB/B_1705-07-11_991170515105905501.xml,SG,kollationiert,1,0,0,0
BW_JohIB/korr_Moivre_Abraham_de-JohIB/B_1705-07-11_991170515105905501.xml,SW,kollationiert,1,0,0,0
BW_JohIB/korr_Moivre_Abraham_de-JohIB/B_1712-11-23_991170515104905501.xml,SG,kollationiert,1,0,0,0
BW_JohIB/korr_Moivre_Abraham_de-JohIB/B_1712-11-23_991170515104905501.xml,SW,kollationiert,1,0,0,0
BW_JohIB/korr_Moivre_Abraham_de-JohIB/B_1704-11-15_991170515106105501.xml,SG,kollationiert,1,0,0,0
BW_JohIB/korr_Moivre_Abraham_de-JohIB/B_1704-11-15_991170515106105501.xml,SW,kollationiert,1,0,0,0
BW_JohIB/korr_Moivre_Abraham_de-JohIB/B_1713-02-18_991170515104705501.xml,SG,kollationiert,1,0,0,0
BW_JohIB/korr_Moivre_Abraham_de-JohIB/B_1713-02-18_991170515104705501.xml,SW,kollationiert,1,0,0,0
BW_JohIB/korr_Moivre_Abraham_de-JohIB/B_1710-04-09_991170515105105501.xml,SG,kollationiert,1,0,0,0
BW_JohIB/korr_Moivre_Abraham_de-JohIB/B_1710-04-09_991170515105105501.xml,SW,kollationiert,1,0,0,0
BW_JohIB/korr_Moivre_Abraham_de-JohIB/B_1710-04-09_991170515105105501.xml,FN,kollationiert,1,0,0,0
BW_JohIB/korr_Moivre_Abraham_de-JohIB/B_1712-12-17_991170515104805501.xml,SG,kollationiert,1,0,0,0
BW_JohIB/korr_Moivre_Abraham_de-JohIB/B_1712-12-17_991170515104805501.xml,SW,kollationiert,1,0,0,0
BW_JohIB/korr_Moivre_Abraham_de-JohIB/B_1704-04-22_991170515106205501.xml,SG,grundkommentiert,1,0,0,1
BW_JohIB/korr_Moivre_Abraham_de-JohIB/B_1704-04-22_991170515106205501.xml,SW,grundkommentiert,1,0,0,0
BW_JohIB/korr_Moivre_Abraham_de-JohIB/B_1706-07-08_991170515105505501.xml,SG,kollationiert,1,0,0,0
BW_JohIB/korr_Moivre_Abraham_de-JohIB/B_1706-07-08_991170515105505501.xml,SW,kollationiert,1,0,0,0
BW_JohIB/korr_Moivre_Abraham_de-JohIB/B_1707-04-06_991170515105405501.xml,SG,kollationiert,1,0,0,0
BW_JohIB/korr_Moivre_Abraham_de-JohIB/B_1707-04-06_991170515105405501.xml,SW,kollationiert,1,0,0,0
BW_JohIB/korr_Moivre_Abraham_de-JohIB/B_1714-03-20_991170515104605501.xml,SG,kollationiert,1,0,0,0
BW_JohIB/korr_Moivre_Abraham_de-JohIB/B_1714-03-20_991170515104605501.xml,SW,kollationiert,1,0,0,0
BW_JohIB/korr_Moivre_Abraham_de-JohIB/B_1705-03-13_991170515106005501.xml,SG,kollationiert,1,0,0,0
BW_JohIB/korr_Moivre_Abraham_de-JohIB/B_1705-03-13_991170515106005501.xml,SW,kollationiert,1,0,0,0
BW_JohIB/korr_Moivre_Abraham_de-JohIB/B_1706-02-16_991170515105705501.xml,SG,kollationiert,1,0,0,0
BW_JohIB/korr_Moivre_Abraham_de-JohIB/B_1706-02-16_991170515105705501.xml,SW,kollationiert,1,0,0,0
BW_JohIB/korr_Moivre_Abraham_de-JohIB/B_1708-07-06_991170515105205501.xml,SG,kollationiert,1,0,0,0
BW_JohIB/korr_Moivre_Abraham_de-JohIB/B_1708-07-06_991170515105205501.xml,SW,kollationiert,1,0,0,0
BW_JohIB/korr_Mairan_Jean_Jacques_Dortous_de-JohIB/B_1737-06-04_991170430096505501.xml,SG,transkribiert,0,0,0,1
BW_NicIB/korr_Montmort_Pierre_Remond_de-NicIB/B_1714-03-24_991170517022205501.xml,SG,kollationiert,1,0,1,0
BW_NicIB/korr_Montmort_Pierre_Remond_de-NicIB/B_1714-03-24_991170517022205501.xml,FN,kollationiert,1,0,0,0
BW_NicIB/korr_Montmort_Pierre_Remond_de-NicIB/B_1718-05-18_991170517019605501.xml,SG,kollationiert,1,0,1,0
BW_NicIB/korr_Montmort_Pierre_Remond_de-NicIB/B_1718-05-18_991170517019605501.xml,FN,kollationiert,1,0,0,0
BW_NicIB/korr_Montmort_Pierre_Remond_de-NicIB/B_1713-12-25_991170517022505501.xml,SG,kollationiert,1,0,0,0
BW_NicIB/korr_Montmort_Pierre_Remond_de-NicIB/B_1713-12-25_991170517022505501.xml,FN,kollationiert,1,0,0,0
BW_NicIB/korr_Montmort_Pierre_Remond_de-NicIB/B_1714-12-27_991170517021405501.xml,FN,kollationiert,1,0,0,0
BW_NicIB/korr_Montmort_Pierre_Remond_de-NicIB/B_1714-12-27_991170517021405501.xml,SG,kollationiert,1,0,0,0
BW_NicIB/korr_Montmort_Pierre_Remond_de-NicIB/B_1717-03-24_991170517020105501.xml,SG,kollationiert,1,0,1,0
BW_NicIB/korr_Montmort_Pierre_Remond_de-NicIB/B_1717-03-24_991170517020105501.xml,FN,kollationiert,1,0,0,0
BW_NicIB/korr_Montmort_Pierre_Remond_de-NicIB/B_1715-01-22_991170517021305501.xml,FN,kollationiert,1,0,0,0
BW_NicIB/korr_Montmort_Pierre_Remond_de-NicIB/B_1715-01-22_991170517021305501.xml,SG,kollationiert,1,0,0,0
BW_NicIB/korr_Montmort_Pierre_Remond_de-NicIB/B_1718-07-30_991170517019305501.xml,SG,kollationiert,1,0,0,0
BW_NicIB/korr_Montmort_Pierre_Remond_de-NicIB/B_1718-07-30_991170517019305501.xml,FN,kollationiert,1,0,0,0
BW_NicIB/korr_Montmort_Pierre_Remond_de-NicIB/B_1718-07-30_991170517019305501.xml,JB,kollationiert,0,0,1,0
BW_NicIB/korr_Montmort_Pierre_Remond_de-NicIB/B_1719-06-08_991170517018405501.xml,SG,transkribiert,1,0,0,0
BW_NicIB/korr_Montmort_Pierre_Remond_de-NicIB/B_1719-06-08_991170517018405501.xml,FN,transkribiert,1,0,0,0
BW_NicIB/korr_Montmort_Pierre_Remond_de-NicIB/B_1712-06-08_991170517023605501.xml,SG,kollationiert,1,0,0,0
BW_NicIB/korr_Montmort_Pierre_Remond_de-NicIB/B_1712-06-08_991170517023605501.xml,FN,kollationiert,1,0,0,0
BW_NicIB/korr_Montmort_Pierre_Remond_de-NicIB/B_1718-12-31_991170517018905501.xml,SG,kollationiert,1,0,1,0
BW_NicIB/korr_Montmort_Pierre_Remond_de-NicIB/B_1718-12-31_991170517018905501.xml,FN,kollationiert,1,0,0,0
BW_NicIB/korr_Montmort_Pierre_Remond_de-NicIB/B_1718-12-31_991170517018905501.xml,JB,kollationiert,0,0,0,1
BW_NicIB/korr_Montmort_Pierre_Remond_de-NicIB/B_1712-06-02_991170517023705501.xml,SG,kollationiert,1,0,0,0
BW_NicIB/korr_Montmort_Pierre_Remond_de-NicIB/B_1712-06-02_991170517023705501.xml,FN,kollationiert,1,0,0,0
BW_NicIB/korr_Montmort_Pierre_Remond_de-NicIB/B_1717-09-30_991170517019905501.xml,SG,kollationiert,1,0,1,1
BW_NicIB/korr_Montmort_Pierre_Remond_de-NicIB/B_1717-09-30_991170517019905501.xml,FN,kollationiert,1,0,0,0
BW_NicIB/korr_Montmort_Pierre_Remond_de-NicIB/B_1717-09-22_991170517020005501.xml,SG,kollationiert,1,0,1,0
BW_NicIB/korr_Montmort_Pierre_Remond_de-NicIB/B_1717-09-22_991170517020005501.xml,FN,kollationiert,1,0,0,0
BW_NicIB/korr_Montmort_Pierre_Remond_de-NicIB/B_1712-12-30_991170517023305501.xml,SG,transkribiert,0,0,1,0
BW_NicIB/korr_Montmort_Pierre_Remond_de-NicIB/B_1712-12-30_991170517023205501.xml,SG,transkribiert,1,0,0,1
BW_NicIB/korr_Montmort_Pierre_Remond_de-NicIB/B_1712-12-30_991170517023205501.xml,FN,transkribiert,1,0,0,0
BW_NicIB/korr_Montmort_Pierre_Remond_de-NicIB/B_1714-04-02_991170517022005501.xml,SG,kollationiert,1,0,1,0
BW_NicIB/korr_Montmort_Pierre_Remond_de-NicIB/B_1714-04-02_991170517022005501.xml,FN,kollationiert,1,0,0,0
BW_NicIB/korr_Montmort_Pierre_Remond_de-NicIB/B_1718-06-11_991170517019505501.xml,SG,kollationiert,1,0,0,0
BW_NicIB/korr_Montmort_Pierre_Remond_de-NicIB/B_1718-06-11_991170517019505501.xml,FN,kollationiert,1,0,0,0
BW_NicIB/korr_Montmort_Pierre_Remond_de-NicIB/B_1718-11-08_991170517019105501.xml,SG,kollationiert,1,0,1,0
BW_NicIB/korr_Montmort_Pierre_Remond_de-NicIB/B_1718-11-08_991170517019105501.xml,FN,kollationiert,1,0,0,0
BW_NicIB/korr_Montmort_Pierre_Remond_de-NicIB/B_1718-11-08_991170517019105501.xml,JB,kollationiert,0,0,1,0
BW_NicIB/korr_Montmort_Pierre_Remond_de-NicIB/B_1713-01-23_991170430192305501.xml,SG,transkribiert,0,0,1,0
BW_NicIB/korr_Montmort_Pierre_Remond_de-NicIB/B_1715-06-08_991170517021005501.xml,FN,kollationiert,1,0,0,0
BW_NicIB/korr_Montmort_Pierre_Remond_de-NicIB/B_1715-06-08_991170517021005501.xml,SG,kollationiert,1,0,0,0
BW_NicIB/korr_Montmort_Pierre_Remond_de-NicIB/B_1713-06-08_991170517022905501.xml,SG,kollationiert,1,0,0,1
BW_NicIB/korr_Montmort_Pierre_Remond_de-NicIB/B_1713-06-08_991170517022905501.xml,FN,kollationiert,1,0,0,0
BW_NicIB/korr_Montmort_Pierre_Remond_de-NicIB/B_1715-03-22_991170517021205501.xml,FN,kollationiert,1,0,0,0
BW_NicIB/korr_Montmort_Pierre_Remond_de-NicIB/B_1715-03-22_991170517021205501.xml,SG,kollationiert,1,0,0,1
BW_NicIB/korr_Montmort_Pierre_Remond_de-NicIB/B_1713-01-13_991170517023105501.xml,SG,kollationiert,1,0,0,0
BW_NicIB/korr_Montmort_Pierre_Remond_de-NicIB/B_1713-01-13_991170517023105501.xml,FN,kollationiert,1,0,0,0
BW_NicIB/korr_Montmort_Pierre_Remond_de-NicIB/B_1714-01-25_991170517022405501.xml,SG,kollationiert,1,0,0,0
BW_NicIB/korr_Montmort_Pierre_Remond_de-NicIB/B_1714-01-25_991170517022405501.xml,FN,kollationiert,1,0,0,0
BW_NicIB/korr_Montmort_Pierre_Remond_de-NicIB/B_1714-09-15_991170522568805501.xml,FN,kollationiert,1,0,0,0
BW_NicIB/korr_Montmort_Pierre_Remond_de-NicIB/B_1714-09-15_991170522568805501.xml,SG,kollationiert,1,0,0,0
BW_NicIB/korr_Montmort_Pierre_Remond_de-NicIB/B_1719-04-11_991170517018605501.xml,SG,kollationiert,1,0,1,0
BW_NicIB/korr_Montmort_Pierre_Remond_de-NicIB/B_1719-04-11_991170517018605501.xml,SW,kollationiert,1,0,0,0
BW_NicIB/korr_Montmort_Pierre_Remond_de-NicIB/B_1719-05-13_991170517018505501.xml,SG,kollationiert,1,0,1,0
BW_NicIB/korr_Montmort_Pierre_Remond_de-NicIB/B_1719-05-13_991170517018505501.xml,FN,kollationiert,1,0,0,0
BW_NicIB/korr_Montmort_Pierre_Remond_de-NicIB/B_1719-05-13_991170517018505501.xml,SW,kollationiert,1,0,0,0
BW_NicIB/korr_Montmort_Pierre_Remond_de-NicIB/B_1719-02-11_991170517018805501.xml,SG,kollationiert,1,0,0,0
BW_NicIB/korr_Montmort_Pierre_Remond_de-NicIB/B_1719-02-11_991170517018805501.xml,SW,kollationiert,1,0,0,0
BW_NicIB/korr_Montmort_Pierre_Remond_de-NicIB/B_1716-03-31_991170517020605501.xml,SG,kollationiert,1,0,0,0
BW_NicIB/korr_Montmort_Pierre_Remond_de-NicIB/B_1716-03-31_991170517020605501.xml,FN,kollationiert,1,0,0,0
BW_NicIB/korr_Montmort_Pierre_Remond_de-NicIB/B_1716-03-31_991170517020605501.xml,RG,kollationiert,0,0,1,1
BW_NicIB/korr_Montmort_Pierre_Remond_de-NicIB/B_1714-08-15_991170517021805501.xml,FN,kollationiert,1,0,0,0
BW_NicIB/korr_Montmort_Pierre_Remond_de-NicIB/B_1714-08-15_991170517021805501.xml,SG,kollationiert,1,0,0,0
BW_NicIB/korr_Montmort_Pierre_Remond_de-NicIB/B_1713-08-06_991170517022705501.xml,SG,kollationiert,1,0,0,1
BW_NicIB/korr_Montmort_Pierre_Remond_de-NicIB/B_1713-08-06_991170517022705501.xml,FN,kollationiert,1,0,0,0
BW_NicIB/korr_Montmort_Pierre_Remond_de-NicIB/B_1716-04-28_991170517020505501.xml,SG,kollationiert,1,0,0,0
BW_NicIB/korr_Montmort_Pierre_Remond_de-NicIB/B_1716-04-28_991170517020505501.xml,FN,kollationiert,1,0,0,0
BW_NicIB/korr_Montmort_Pierre_Remond_de-NicIB/B_1716-04-28_991170517020505501.xml,RG,kollationiert,0,0,1,1
BW_NicIB/korr_Montmort_Pierre_Remond_de-NicIB/B_1713-07-13_991170517022805501.xml,SG,kollationiert,1,0,0,1
BW_NicIB/korr_Montmort_Pierre_Remond_de-NicIB/B_1713-07-13_991170517022805501.xml,FN,kollationiert,1,0,0,0
BW_NicIB/korr_Montmort_Pierre_Remond_de-NicIB/B_1715-09-26_991170517020805501.xml,FN,kollationiert,1,0,0,0
BW_NicIB/korr_Montmort_Pierre_Remond_de-NicIB/B_1715-09-26_991170517020805501.xml,SG,kollationiert,1,0,0,0
BW_NicIB/korr_Montmort_Pierre_Remond_de-NicIB/B_1711-02-26_991170517024105501.xml,SG,teiKodiert,0,0,0,1
BW_NicIB/korr_Montmort_Pierre_Remond_de-NicIB/B_1718-06-28_991170517019405501.xml,SG,kollationiert,1,0,1,0
BW_NicIB/korr_Montmort_Pierre_Remond_de-NicIB/B_1718-06-28_991170517019405501.xml,FN,kollationiert,1,0,0,0
BW_NicIB/korr_Montmort_Pierre_Remond_de-NicIB/B_1711-11-10_991170517023905501.xml,SG,kollationiert,0,0,0,1
BW_NicIB/korr_Montmort_Pierre_Remond_de-NicIB/B_1714-04_991170517022105501.xml,SG,kollationiert,1,0,0,0
BW_NicIB/korr_Montmort_Pierre_Remond_de-NicIB/B_1714-04_991170517022105501.xml,FN,kollationiert,1,0,0,0
BW_NicIB/korr_Montmort_Pierre_Remond_de-NicIB/B_1714-05-01_991170517021905501.xml,FN,kollationiert,1,0,0,0
BW_NicIB/korr_Montmort_Pierre_Remond_de-NicIB/B_1714-05-01_991170517021905501.xml,SG,kollationiert,1,0,0,0
BW_NicIB/korr_Montmort_Pierre_Remond_de-NicIB/B_1716-10-24_991170517020305501.xml,SG,kollationiert,1,0,0,0
BW_NicIB/korr_Montmort_Pierre_Remond_de-NicIB/B_1716-10-24_991170517020305501.xml,FN,kollationiert,1,0,0,0
BW_NicIB/korr_Montmort_Pierre_Remond_de-NicIB/B_1715-05-04_991170517021105501.xml,FN,kollationiert,1,0,0,0
BW_NicIB/korr_Montmort_Pierre_Remond_de-NicIB/B_1715-05-04_991170517021105501.xml,SG,kollationiert,1,0,0,0
BW_NicIB/korr_Montmort_Pierre_Remond_de-NicIB/B_1714-08-15_991170517021705501.xml,FN,kollationiert,1,0,0,0
BW_NicIB/korr_Montmort_Pierre_Remond_de-NicIB/B_1714-08-15_991170517021705501.xml,SG,kollationiert,1,0,0,0
BW_NicIB/korr_Montmort_Pierre_Remond_de-NicIB/B_1716-12-28_991170517020205501.xml,SG,transkribiert,1,0,0,0
BW_NicIB/korr_Montmort_Pierre_Remond_de-NicIB/B_1716-12-28_991170517020205501.xml,FN,transkribiert,1,0,0,0
BW_NicIB/korr_Montmort_Pierre_Remond_de-NicIB/B_1713-05-18_991170517023005501.xml,FN,kollationiert,1,0,0,0
BW_NicIB/korr_Montmort_Pierre_Remond_de-NicIB/B_1713-05-18_991170517023005501.xml,SG,kollationiert,1,0,0,1
BW_NicIB/korr_Montmort_Pierre_Remond_de-NicIB/B_1711-04-10_991170517024005501.xml,SG,kollationiert,0,0,0,1
BW_NicIB/korr_Montmort_Pierre_Remond_de-NicIB/B_1712-09-05_991170517023505501.xml,SG,kollationiert,1,0,0,1
BW_NicIB/korr_Montmort_Pierre_Remond_de-NicIB/B_1712-09-05_991170517023505501.xml,FN,kollationiert,1,0,0,0
BW_NicIB/korr_Montmort_Pierre_Remond_de-NicIB/B_1718-03-28_991170517019705501.xml,SG,kollationiert,1,0,0,0
BW_NicIB/korr_Montmort_Pierre_Remond_de-NicIB/B_1718-03-28_991170517019705501.xml,FN,kollationiert,1,0,0,0
BW_NicIB/korr_Montmort_Pierre_Remond_de-NicIB/B_1712-10-11_991170517023405501.xml,SG,kollationiert,1,0,0,0
BW_NicIB/korr_Montmort_Pierre_Remond_de-NicIB/B_1712-10-11_991170517023405501.xml,FN,kollationiert,1,0,0,0
BW_NicIB/korr_Montmort_Pierre_Remond_de-NicIB/B_1715-09-06_991170517020905501.xml,FN,kollationiert,1,0,0,0
BW_NicIB/korr_Montmort_Pierre_Remond_de-NicIB/B_1715-09-06_991170517020905501.xml,SG,kollationiert,1,0,0,0
BW_NicIB/korr_Montmort_Pierre_Remond_de-NicIB/B_1713-09-09_991170517022605501.xml,SG,kollationiert,1,0,0,1
BW_NicIB/korr_Montmort_Pierre_Remond_de-NicIB/B_1713-09-09_991170517022605501.xml,FN,kollationiert,1,0,0,0
BW_NicIB/korr_Montmort_Pierre_Remond_de-NicIB/B_1714-08-28_991170517021605501.xml,SG,kollationiert,1,0,0,0
BW_NicIB/korr_Montmort_Pierre_Remond_de-NicIB/B_1714-08-28_991170517021605501.xml,FN,kollationiert,1,0,0,0
BW_NicIB/korr_Montmort_Pierre_Remond_de-NicIB/B_1716-07-25_991170517020405501.xml,SG,kollationiert,1,0,0,0
BW_NicIB/korr_Montmort_Pierre_Remond_de-NicIB/B_1716-07-25_991170517020405501.xml,FN,kollationiert,1,0,0,0
BW_NicIB/korr_Montmort_Pierre_Remond_de-NicIB/B_1718-01-01_991170517019805501.xml,SG,kollationiert,1,0,1,1
BW_NicIB/korr_Montmort_Pierre_Remond_de-NicIB/B_1718-01-01_991170517019805501.xml,FN,kollationiert,1,0,0,0
BW_NicIB/korr_Montmort_Pierre_Remond_de-NicIB/B_1718-10-15_991170517019205501.xml,SG,kollationiert,1,0,1,0
BW_NicIB/korr_Montmort_Pierre_Remond_de-NicIB/B_1718-10-15_991170517019205501.xml,JB,kollationiert,0,0,1,0
BW_NicIB/korr_Montmort_Pierre_Remond_de-NicIB/B_1714-02-20_991170517022305501.xml,SG,kollationiert,1,0,1,0
BW_NicIB/korr_Montmort_Pierre_Remond_de-NicIB/B_1714-02-20_991170517022305501.xml,FN,kollationiert,1,0,0,0
BW_NicIB/korr_Montmort_Pierre_Remond_de-NicIB/B_1719-04-01_991170517018705501.xml,SG,kollationiert,1,0,0,0
BW_NicIB/korr_Montmort_Pierre_Remond_de-NicIB/B_1719-04-01_991170517018705501.xml,SW,kollationiert,1,0,0,0
BW_NicIB/korr_Montmort_Pierre_Remond_de-NicIB/B_1715-11-14_991170517020705501.xml,FN,kollationiert,1,0,0,0
BW_NicIB/korr_Montmort_Pierre_Remond_de-NicIB/B_1715-11-14_991170517020705501.xml,SG,kollationiert,1,0,1,1
BW_NicIB/korr_Montmort_Pierre_Remond_de-NicIB/B_1718-12-03_991170517019005501.xml,SG,kollationiert,1,0,1,0
BW_NicIB/korr_Montmort_Pierre_Remond_de-NicIB/B_1718-12-03_991170517019005501.xml,FN,kollationiert,1,0,0,0
BW_NicIB/korr_Montmort_Pierre_Remond_de-NicIB/B_1718-12-03_991170517019005501.xml,JB,kollationiert,0,0,1,0
BW_NicIB/korr_Vincenti_Zuan_Maria-NicIB/B_1718-12-19_991170517160005501.xml,RG,transkribiert,0,0,1,0
BW_NicIB/korr_Vincenti_Zuan_Maria-NicIB/B_1718-12-12_991170517160105501.xml,RG,teiKodiert,0,0,1,0
BW_NicIB/korr_Cramer_Gabriel-NicIB/B_1741-08-15_991170517067205501.xml,RG,teiKodiert,0,0,0,1
BW_NicIB/korr_Cramer_Gabriel-NicIB/B_1750-08-19_991170517064305501.xml,RG,transkribiert,0,0,1,1
BW_NicIB/korr_Cramer_Gabriel-NicIB/B_1741-08-26_991170517066905501.xml,RG,teiKodiert,0,0,0,1
BW_NicIB/korr_Cramer_Gabriel-NicIB/B_1736-08-28_991170517057205501.xml,RG,teiKodiert,0,0,0,1
BW_NicIB/korr_Cramer_Gabriel-NicIB/B_1741-10-28_991170517066505501.xml,RG,transkribiert,0,0,1,1
BW_NicIB/korr_Cramer_Gabriel-NicIB/B_1741-09-26_991170517066705501.xml,RG,teiKodiert,0,0,0,1
BW_NicIB/korr_Cramer_Gabriel-NicIB/B_1728-02-04_991170517059505501.xml,MK,grundkommentiert,1,1,0,0
BW_NicIB/korr_Cramer_Gabriel-NicIB/B_1728-02-04_991170517059505501.xml,RG,grundkommentiert,0,0,0,1
BW_NicIB/korr_Cramer_Gabriel-NicIB/B_1737-04-16_991170517056905501.xml,RG,teiKodiert,0,0,0,1
BW_NicIB/korr_Cramer_Gabriel-NicIB/B_1728-09-27_991170517058905501.xml,RG,teiKodiert,0,0,0,1
BW_NicIB/korr_Cramer_Gabriel-NicIB/B_1733-04-01_991170517057505501.xml,RG,teiKodiert,0,0,0,1
BW_NicIB/korr_Cramer_Gabriel-NicIB/B_1741-03-16_991170517068405501.xml,RG,teiKodiert,0,0,0,1
BW_NicIB/korr_Cramer_Gabriel-NicIB/B_1737-04-24_991170517056805501.xml,RG,teiKodiert,0,0,0,1
BW_NicIB/korr_Cramer_Gabriel-NicIB/B_1740-11-04_991170517069905501.xml,RG,teiKodiert,0,0,0,1
BW_NicIB/korr_Cramer_Gabriel-NicIB/B_1741-06-30_991170517068105501.xml,RG,teiKodiert,0,0,0,1
BW_NicIB/korr_Cramer_Gabriel-NicIB/B_1729-02-25_991170517058705501.xml,RG,teiKodiert,0,0,0,1
BW_NicIB/korr_Cramer_Gabriel-NicIB/B_1744-03-10_991170517065005501.xml,RG,teiKodiert,0,0,0,1
BW_NicIB/korr_Cramer_Gabriel-NicIB/B_1743-09-17_991170517065505501.xml,RG,teiKodiert,0,0,0,1
BW_NicIB/korr_Cramer_Gabriel-NicIB/B_1741-01-27_991170517068705501.xml,RG,teiKodiert,0,0,0,1
BW_NicIB/korr_Cramer_Gabriel-NicIB/B_1728-07-03_991170517059005501.xml,RG,teiKodiert,0,0,0,1
BW_NicIB/korr_Cramer_Gabriel-NicIB/B_1737-05-31_991170517056705501.xml,RG,teiKodiert,0,0,0,1
BW_NicIB/korr_Cramer_Gabriel-NicIB/B_1729-03-23_991170517058405501.xml,RG,teiKodiert,0,0,0,1
BW_NicIB/korr_Cramer_Gabriel-NicIB/B_1750-09-01_991170517064005501.xml,RG,teiKodiert,0,0,0,1
BW_NicIB/korr_Cramer_Gabriel-NicIB/B_1729-12-28_991170517057905501.xml,RG,teiKodiert,0,0,1,1
BW_NicIB/korr_Cramer_Gabriel-NicIB/B_1731-06-12_991170517057605501.xml,RG,teiKodiert,0,0,0,1
BW_NicIB/korr_Cramer_Gabriel-NicIB/B_1750-08-04_991170517064505501.xml,RG,teiKodiert,0,0,0,1
BW_NicIB/korr_Cramer_Gabriel-NicIB/B_1741-08-05_991170517067505501.xml,RG,teiKodiert,0,0,0,1
BW_NicIB/korr_Cramer_Gabriel-NicIB/B_1743-09-25_991170517065205501.xml,RG,transkribiert,0,0,0,1
BW_NicIB/korr_Cramer_Gabriel-NicIB/B_1727-06-09_991170517059605501.xml,RG,teiKodiert,0,0,1,1
BW_NicIB/korr_Cramer_Gabriel-NicIB/B_1727-06-09_991170517059605501.xml,MK,teiKodiert,0,0,0,1
BW_NicIB/korr_Cramer_Gabriel-NicIB/B_1728-05-21_991170517059205501.xml,MK,kollationiert,1,0,0,0
BW_NicIB/korr_Cramer_Gabriel-NicIB/B_1728-05-21_991170517059205501.xml,RG,kollationiert,0,0,0,1
BW_NicIB/korr_Cramer_Gabriel-NicIB/B_1736-10-14_991170517057005501.xml,RG,teiKodiert,0,0,0,1
BW_NicIB/korr_Cramer_Gabriel-NicIB/B_1741-07_991170517067905501.xml,RG,teiKodiert,0,0,0,1
BW_NicIB/korr_Cramer_Gabriel-NicIB/B_1729-09-09_991170517058105501.xml,RG,teiKodiert,0,0,0,1
BW_NicIB/korr_Cramer_Gabriel-NicIB/B_1736-07-31_991170517057405501.xml,RG,teiKodiert,0,0,0,1
BW_NicIB/korr_Cramer_Gabriel-NicIB/B_1740-11-16_991170517069505501.xml,RG,teiKodiert,0,0,0,1
BW_NicIB/korr_Cramer_Gabriel-NicIB/B_1741-01-13_991170517069005501.xml,RG,teiKodiert,0,0,0,1
BW_NicIB/korr_Scheuchzer_Johannes-NicIB/B_1716-10-18_991170516888005501.xml,RG,kollationiert,0,0,0,1
BW_NicIB/korr_Scheuchzer_Johannes-NicIB/B_1718-12-24_991170516886105501.xml,RG,kollationiert,0,0,0,1
BW_NicIB/korr_Koenig_Samuel-NicIB/B_1735-05-01_991170516906705501.xml,RG,transkribiert,0,0,1,0
BW_NicIB/korr_Koenig_Samuel-NicIB/B_1738-03-21_991170516906605501.xml,RG,transkribiert,0,0,1,1
BW_NicIB/korr_Koenig_Samuel-NicIB/B_1740-12-16_991170516906405501.xml,RG,teiKodiert,0,0,1,0
BW_NicIB/korr_Koenig_Samuel-NicIB/B_1746-05-23_991170516905705501.xml,RG,transkribiert,0,0,1,0
BW_NicIB/korr_Koenig_Samuel-NicIB/B_1742-03-07_991170516906105501.xml,RG,transkribiert,0,0,1,0
BW_NicIB/korr_Koenig_Samuel-NicIB/B_1740-12-23_991170516906305501.xml,RG,transkribiert,0,0,1,0
BW_NicIB/korr_Koenig_Samuel-NicIB/B_1746-02-04_991170516905805501.xml,RG,transkribiert,0,0,1,0
BW_NicIB/korr_Koenig_Samuel-NicIB/B_1740-12-03_991170516906505501.xml,RG,transkribiert,0,0,1,0
BW_NicIB/korr_Koenig_Samuel-NicIB/B_1745-09-06_991170516906005501.xml,RG,transkribiert,0,0,1,0
BW_NicIB/korr_Koenig_Samuel-NicIB/B_1742_991170516906205501.xml,RG,transkribiert,0,0,1,0
BW_NicIB/korr_Koenig_Samuel-NicIB/B_1745-10-21_991170516905905501.xml,RG,teiKodiert,0,0,1,0
BW_NicIB/korr_Newton_Isaac-NicIB/B_1717-05-31_991170517018205501.xml,MK,kollationiert,1,0,0,1
BW_NicIB/korr_Newton_Isaac-NicIB/B_1717-05-31_991170517018205501.xml,RG,kollationiert,0,0,0,1
BW_NicIB/korr_Michelotti_Pietro_Antonio-NicIB/B_1718-01-06_991170517037705501.xml,SG,grundkommentiert,1,0,0,0
BW_NicIB/korr_Cramer_Philibert_Verlag_in_Genf-NicIB/B_1742-01-09_991170517065905501.xml,MK,teiKodiert,1,0,0,1
BW_NicIB/korr_Cramer_Philibert_Verlag_in_Genf-NicIB/B_1742-01-09_991170517065905501.xml,RG,teiKodiert,1,0,0,1
BW_NicIB/korr_Cramer_Philibert_Verlag_in_Genf-NicIB/B_1741-11-17_991170517066205501.xml,MK,teiKodiert,1,0,0,1
BW_NicIB/korr_Cramer_Philibert_Verlag_in_Genf-NicIB/B_1741-11-17_991170517066205501.xml,RG,teiKodiert,1,0,0,0
BW_NicIB/korr_Cramer_Philibert_Verlag_in_Genf-NicIB/B_1743-09-17_991170517065805501.xml,MK,kollationiert,1,0,0,1
BW_NicIB/korr_Cramer_Philibert_Verlag_in_Genf-NicIB/B_1743-09-17_991170517065805501.xml,RG,kollationiert,1,0,0,1
BW_NicIB/korr_Stirling_James-NicIB/B_1730-09-30_991170517162605501.xml,JB,kollationiert,1,0,1,0
BW_NicIB/korr_Stirling_James-NicIB/B_1730-09-30_991170517162605501.xml,SW,kollationiert,1,0,0,0
BW_NicIB/korr_Stirling_James-NicIB/B_1729-08-09_991170517162805501.xml,JB,kollationiert,1,0,1,0
BW_NicIB/korr_Stirling_James-NicIB/B_1729-08-09_991170517162805501.xml,SW,kollationiert,1,0,0,0
BW_NicIB/korr_Stirling_James-NicIB/B_1692_991170517162305501.xml,FN,kollationiert,1,0,0,0
BW_NicIB/korr_Stirling_James-NicIB/B_1692_991170517162305501.xml,SG,kollationiert,1,0,0,0
BW_NicIB/korr_Stirling_James-NicIB/B_1692_991170517162305501.xml,JB,kollationiert,1,0,1,0
BW_NicIB/korr_Stirling_James-NicIB/B_1692_991170517162305501.xml,SW,kollationiert,1,0,0,0
BW_NicIB/korr_Moivre_Abraham_de-NicIB/B_1714-08-04_991170517024205501.xml,SG,kollationiert,1,0,1,0
BW_NicIB/korr_Moivre_Abraham_de-NicIB/B_1714-08-04_991170517024205501.xml,CG,kollationiert,1,0,0,0
BW_NicIB/korr_Moivre_Abraham_de-NicIB/B_1712-11_991170517024505501.xml,SG,kollationiert,1,0,1,0
BW_NicIB/korr_Moivre_Abraham_de-NicIB/B_1712-11_991170517024505501.xml,CG,kollationiert,1,0,0,0
BW_NicIB/korr_Moivre_Abraham_de-NicIB/B_1714-03-03_991170517024305501.xml,SG,kollationiert,1,0,1,0
BW_NicIB/korr_Moivre_Abraham_de-NicIB/B_1714-03-03_991170517024305501.xml,CG,kollationiert,1,0,0,0
BW_NicIB/korr_Corner_JH-NicIB/B_1716-03-03_991170517060105501.xml,RG,teiKodiert,0,0,1,1
BW_NicIB/korr_Christ_Franz-NicIB/B_1710-05-10_991170517066805501.xml,CG,kollationiert,1,0,0,0
BW_NicIB/korr_Christ_Franz-NicIB/B_1710-05-10_991170517066805501.xml,SG,kollationiert,1,0,0,0
BW_NicIB/korr_Christ_Franz-NicIB/B_1718-10-17_991170517062705501.xml,SG,kollationiert,1,0,1,0
BW_NicIB/korr_Christ_Franz-NicIB/B_1718-10-17_991170517062705501.xml,CG,kollationiert,1,0,0,0
BW_NicIB/korr_Christ_Franz-NicIB/B_1717-09-12_991170517063105501.xml,CG,kollationiert,1,0,0,0
BW_NicIB/korr_Christ_Franz-NicIB/B_1717-09-12_991170517063105501.xml,SG,kollationiert,1,0,0,0
BW_NicIB/korr_Christ_Franz-NicIB/B_1717-01-13_991170517064105501.xml,CG,kollationiert,1,0,0,0
BW_NicIB/korr_Christ_Franz-NicIB/B_1717-01-13_991170517064105501.xml,SG,kollationiert,1,0,0,0
BW_NicIB/korr_Christ_Franz-NicIB/B_1710-04-19_991170517067105501.xml,CG,kollationiert,1,0,0,0
BW_NicIB/korr_Christ_Franz-NicIB/B_1710-04-19_991170517067105501.xml,SG,kollationiert,1,0,1,0
BW_NicIB/korr_Christ_Franz-NicIB/B_1710-04-05_991170517067405501.xml,CG,kollationiert,1,0,0,0
BW_NicIB/korr_Christ_Franz-NicIB/B_1710-04-05_991170517067405501.xml,SG,kollationiert,1,0,1,0
BW_NicIB/korr_Christ_Franz-NicIB/B_1714-10-24_991170517065405501.xml,CG,kollationiert,1,0,0,0
BW_NicIB/korr_Christ_Franz-NicIB/B_1714-10-24_991170517065405501.xml,SG,kollationiert,1,0,0,0
BW_NicIB/korr_Christ_Franz-NicIB/B_1719-01-29_991170517062005501.xml,SG,kollationiert,1,0,1,0
BW_NicIB/korr_Christ_Franz-NicIB/B_1719-01-29_991170517062005501.xml,CG,kollationiert,1,0,0,0
BW_NicIB/korr_Christ_Franz-NicIB/B_1717-08-29_991170517063305501.xml,CG,kollationiert,1,0,0,0
BW_NicIB/korr_Christ_Franz-NicIB/B_1717-08-29_991170517063305501.xml,SG,kollationiert,1,0,0,0
BW_NicIB/korr_Christ_Franz-NicIB/B_1710-03-12_991170517068205501.xml,CG,kollationiert,1,0,0,0
BW_NicIB/korr_Christ_Franz-NicIB/B_1710-03-12_991170517068205501.xml,SG,kollationiert,1,1,0,0
BW_NicIB/korr_Christ_Franz-NicIB/B_1710-05-26_991170517066405501.xml,CG,kollationiert,1,0,0,0
BW_NicIB/korr_Christ_Franz-NicIB/B_1710-05-26_991170517066405501.xml,SG,kollationiert,1,0,0,0
BW_NicIB/korr_Christ_Franz-NicIB/B_1719-04-07_991170517061605501.xml,SG,kollationiert,1,0,0,0
BW_NicIB/korr_Christ_Franz-NicIB/B_1719-04-07_991170517061605501.xml,CG,kollationiert,1,0,0,0
BW_NicIB/korr_Christ_Franz-NicIB/B_1716-10-10_991170517064405501.xml,CG,kollationiert,1,0,0,0
BW_NicIB/korr_Christ_Franz-NicIB/B_1716-10-10_991170517064405501.xml,SG,kollationiert,1,0,0,0
BW_NicIB/korr_Christ_Franz-NicIB/B_1717-03-13_991170517063805501.xml,CG,kollationiert,1,0,0,0
BW_NicIB/korr_Christ_Franz-NicIB/B_1717-03-13_991170517063805501.xml,SG,kollationiert,1,0,0,0
BW_NicIB/korr_Christ_Franz-NicIB/B_1710-03-08_991170517068505501.xml,CG,kollationiert,1,0,0,0
BW_NicIB/korr_Christ_Franz-NicIB/B_1710-03-08_991170517068505501.xml,SG,kollationiert,1,1,0,0
BW_NicIB/korr_Christ_Franz-NicIB/B_1714-10-10_991170517065705501.xml,SG,kollationiert,1,0,0,1
BW_NicIB/korr_Christ_Franz-NicIB/B_1714-10-10_991170517065705501.xml,CG,kollationiert,1,0,0,0
BW_NicIB/korr_Christ_Franz-NicIB/B_1710-07-12_991170517066105501.xml,CG,kollationiert,1,0,0,0
BW_NicIB/korr_Christ_Franz-NicIB/B_1710-07-12_991170517066105501.xml,SG,kollationiert,1,0,0,0
BW_NicIB/korr_Christ_Franz-NicIB/B_1710-03-15_991170517067805501.xml,CG,kollationiert,1,0,0,0
BW_NicIB/korr_Christ_Franz-NicIB/B_1710-03-15_991170517067805501.xml,SG,kollationiert,1,0,1,0
BW_DanIB/korr_Poleni_Giovanni-DanIB/B_1725-09-30_991172660343005501.xml,SG,katalogisiert,0,0,0,1
BW_DanIB/korr_Poleni_Giovanni-DanIB/B_1725-03_991172660350205501.xml,SG,transkribiert,0,0,0,1
BW_DanIB/korr_Poleni_Giovanni-DanIB/B_1725-06-23_991172660349805501.xml,SG,katalogisiert,0,0,0,1
BW_DanIB/korr_Poleni_Giovanni-DanIB/B_1725-06-01_991172660343605501.xml,SG,katalogisiert,0,0,0,1
BW_DanIB/korr_Poleni_Giovanni-DanIB/B_1734-01-05_991172660342605501.xml,SG,katalogisiert,0,0,0,1
BW_DanIB/korr_Poleni_Giovanni-DanIB/B_1725-02-25_991172660343805501.xml,SG,transkribiert,0,0,0,1
BW_DanIB/korr_Poleni_Giovanni-DanIB/B_1725-03-01_991172660351905501.xml,SG,transkribiert,0,0,0,1
BW_DanIB/korr_Cramer_Gabriel-DanIB/B_1738-05-14_991170430083905501.xml,MK,teiKodiert,0,0,0,1
BW_DanIB/korr_Cramer_Gabriel-DanIB/B_1738-05-14_991170430083905501.xml,RG,teiKodiert,0,0,0,1
BW_DanIB/korr_Cramer_Gabriel-DanIB/B_1743-11-27_991170430082205501.xml,MK,kollationiert,0,0,0,1
BW_DanIB/korr_Cramer_Gabriel-DanIB/B_1743-11-27_991170430082205501.xml,RG,kollationiert,0,0,0,1
BW_DanIB/korr_Cramer_Gabriel-DanIB/B_1738-09-23_991170514632605501.xml,RG,teiKodiert,1,0,0,1
BW_DanIB/korr_Cramer_Gabriel-DanIB/B_1738-09-23_991170514632605501.xml,MK,teiKodiert,1,0,0,1
BW_DanIB/korr_Cramer_Gabriel-DanIB/B_1739-12-06_991170430083005501.xml,RG,transkribiert,0,0,0,1
